horodatage_utc,heure_paris,maj_station_paris,velos_mecaniques,velos_electriques,velos_total,places_libres,taux_places_libres_pct,station_en_service
2026-09-30T09:52:34Z,2026-09-30 11:52,2026-09-30 11:08,6,30,36,0,0.0,1
2026-09-30T09:53:00Z,2026-09-30 11:53,2026-09-30 11:08,6,30,36,0,0.0,1
2026-09-30T09:54:00Z,2026-09-30 11:54,2026-09-30 11:08,6,30,36,0,0.0,1
2026-09-30T09:55:00Z,2026-09-30 11:55,2026-09-30 11:08,6,30,36,0,0.0,1
2026-09-30T09:56:00Z,2026-09-30 11:56,2026-09-30 11:08,6,30,36,0,0.0,1
2026-09-30T09:57:00Z,2026-09-30 11:57,2026-09-30 11:08,6,30,36,0,0.0,1
2026-09-30T09:58:00Z,2026-09-30 11:58,2026-09-30 11:08,6,30,36,0,0.0,1
2026-09-30T09:59:00Z,2026-09-30 11:59,2026-09-30 11:08,6,30,36,0,0.0,1
2026-09-30T10:00:00Z,2026-09-30 12:00,2026-09-30 11:08,6,30,36,0,0.0,1
2026-09-30T10:01:00Z,2026-09-30 12:01,2026-09-30 11:08,6,30,36,0,0.0,1
2026-09-30T10:02:00Z,2026-09-30 12:02,2026-09-30 11:08,6,30,36,0,0.0,1
2026-09-30T10:03:00Z,2026-09-30 12:03,2026-09-30 11:08,6,30,36,0,0.0,1
2026-09-30T10:04:00Z,2026-09-30 12:04,2026-09-30 11:08,6,30,36,0,0.0,1
2026-09-30T10:05:01Z,2026-09-30 12:05,2026-09-30 11:08,6,30,36,0,0.0,1
2026-09-30T10:06:00Z,2026-09-30 12:06,2026-09-30 11:08,6,30,36,0,0.0,1
2026-09-30T10:07:00Z,2026-09-30 12:07,2026-09-30 11:08,6,30,36,0,0.0,1
2026-09-30T10:08:00Z,2026-09-30 12:08,2026-09-30 11:08,6,30,36,0,0.0,1
